id,first_name,last_name,email,gender,ip_address
1,Ariadne,Jamison,ajamison0@discovery.com,Female,98.129.227.154
2,Dexter,Korf,dkorf1@chicagotribune.com,Male,127.206.189.206
3,Hyacinthe,Turfrey,hturfrey2@unicef.org,Female,148.89.58.69
4,Nickola,Swate,nswate3@baidu.com,Male,93.24.165.30
5,Korie,Makey,kmakey4@prweb.com,Female,161.86.101.16
6,Rance,Staries,rstaries5@photobucket.com,Male,30.163.3.46
7,Blanca,Darey,bdarey6@1und1.de,Female,6.184.124.32
8,Spenser,MacNalley,smacnalley7@clickbank.net,Male,157.16.73.75
9,Jerome,Chasles,jchasles8@cdc.gov,Male,239.180.51.139
10,Gustaf,Cabera,gcabera9@opera.com,Male,182.75.70.247
11,Annmarie,Vanne,avannea@soundcloud.com,Female,195.183.102.213
12,Robyn,Ismay,rismayb@unicef.org,Female,188.104.111.93
13,Francois,Astin,kastinc@google.es,Male,92.0.9.148
14,Horace,Vallerine,hvallerined@oracle.com,Male,130.191.216.48
15,Tanny,Cornfoot,tcornfoote@dailymotion.com,Male,210.201.137.12
16,Gardy,Truckett,gtruckettf@nature.com,Male,10.101.104.126
17,Merissa,Sponer,msponerg@quantcast.com,Female,210.186.223.68
18,Aaren,-Dunlop,acampbelldunloph@wix.com,Female,83.227.153.109
19,Ike,Klemenz,iklemenzi@google.fr,Male,186.116.196.228
20,Katina,Ashment,kashmentj@geocities.com,Female,40.85.148.195
21,Morry,Di Biagio,mdibiagiok@wp.com,Male,47.11.89.159
22,Ara,Tedman,atedmanl@vinaora.com,Non-binary,150.243.89.138
23,Diena,Filewood,dfilewoodm@stanford.edu,Female,50.74.43.61
24,Caprice,Orred,corredn@unblog.fr,Female,113.104.95.195
25,Willa,Calderhead,wcalderheado@google.it,Female,110.96.114.52
26,Ambrose,Squibbes,asquibbesp@ovh.net,Male,119.170.190.220
27,Fonz,Hardaker,fhardakerq@pinterest.com,Male,178.48.34.81
28,Happy,Sollars,hsollarsr@usatoday.com,Female,21.81.164.110
29,Jemie,Maleham,jmalehams@wordpress.com,Female,122.211.227.61
30,Louis,Coats,lcoatst@yahoo.com,Genderqueer,213.223.35.247
31,Dorita,Darrigoe,ddarrigoeu@toplist.cz,Female,13.10.115.128
32,Hestia,Raphael,hraphaelv@angelfire.com,Female,194.149.158.220
33,Giselbert,Norres,gnorresw@boston.com,Male,179.112.197.161
34,Nydia,Moens,nmoensx@bravesites.com,Female,132.52.84.210
35,Onida,Davidof,odavidofy@microsoft.com,Female,208.169.53.121
36,Ainsley,Shakesby,ashakesbyz@rakuten.co.jp,Female,239.60.87.241
37,Cesare,Carlens,ccarlens10@joomla.org,Male,9.137.178.115
38,Evelyn,Valentine,evalentine11@privacy.gov.au,Male,28.148.177.155
39,Wynnie,Pacher,wpacher12@engadget.com,Female,4.125.91.236
40,Paige,Pettyfer,ppettyfer13@apache.org,Male,66.118.40.142
41,Sandie,Foucher,sfoucher14@huffingtonpost.com,Female,46.28.43.6
42,Renaud,Fierman,rfierman15@go.com,Male,189.163.93.2
43,Hermie,Swallwell,hswallwell16@google.pl,Male,154.141.73.97
44,Gretta,Rove,grove17@phoca.cz,Female,135.125.197.1
45,Rickard,Twelvetree,rtwelvetree18@simplemachines.org,Male,89.203.101.223
46,Gaynor,Donisi,gdonisi19@marriott.com,Female,46.244.241.214
47,Grantham,Sadd,gsadd1a@dell.com,Male,253.218.159.162
48,Brewer,Isles,bisles1b@reference.com,Male,142.238.174.22
49,Vivyan,Gilbeart,vgilbeart1c@springer.com,Female,88.54.197.141
50,Yovonnda,Mapam,ymapam1d@dmoz.org,Female,108.31.73.98
51,Tiffany,Patrie,tpatrie1e@lulu.com,Female,193.7.146.12
52,Merlina,Ismay,mismay1f@e-recht24.de,Female,105.146.59.14
53,Dario,Bedin,dbedin1g@usgs.gov,Male,100.98.200.61
54,Scot,Blose,sblose1h@washington.edu,Polygender,80.51.62.169
55,Hedi,Zavittieri,hzavittieri1i@nydailynews.com,Female,178.102.121.184
56,Jarrett,Ivanonko,jivanonko1j@altervista.org,Male,6.63.183.53
57,Cleveland,Kleyn,ckleyn1k@auda.org.au,Male,2.94.91.82
58,Creight,Pregel,cpregel1l@paypal.com,Male,185.48.244.84
59,Nicola,Sherburn,nsherburn1m@yellowbook.com,Male,51.73.45.14
60,Even,Folli,efolli1n@51.la,Male,42.78.159.223
61,Kristoforo,Arkill,karkill1o@parallels.com,Male,233.23.105.111
62,Arin,Stroyan,astroyan1p@google.de,Male,15.117.240.11
63,Giavani,Seger,gseger1q@360.cn,Male,59.117.118.79
64,Ailene,Adran,aadran1r@altervista.org,Female,66.63.179.11
65,Rey,Willbourne,rwillbourne1s@meetup.com,Female,44.230.233.124
66,Nadya,Lymbourne,nlymbourne1t@nydailynews.com,Female,192.221.46.214
67,L;urette,Grinsted,lgrinsted1u@eventbrite.com,Agender,33.215.148.161
68,Ardis,Tuerena,atuerena1v@issuu.com,Female,219.8.120.155
69,Gray,Woodger,gwoodger1w@wix.com,Male,135.44.70.91
70,Temp,Hartzogs,thartzogs1x@msn.com,Male,208.181.146.52
71,Kenon,Udall,kudall1y@techcrunch.com,Male,155.11.34.59
72,Aurelea,Le Maitre,alemaitre1z@chron.com,Female,54.201.213.75
73,Cornela,Wye,cwye20@vinaora.com,Female,240.142.73.219
74,Chrissie,Dryden,cdryden21@marketwatch.com,Male,102.160.65.146
75,Whitaker,Placidi,wplacidi22@networkadvertising.org,Male,4.62.50.146
76,Ross,Brewett,rbrewett23@miitbeian.gov.cn,Male,78.190.85.87
77,Shaun,Cardenosa,scardenosa24@aboutads.info,Male,251.142.105.217
78,Marlowe,Gleadle,mgleadle25@webs.com,Male,178.155.106.176
79,Caesar,Ivy,civy26@fda.gov,Male,237.225.241.79
80,Tan,Breydin,tbreydin27@tinyurl.com,Male,67.196.152.229
81,Mile,Excell,mexcell28@chron.com,Bigender,170.252.114.38
82,Kalle,Rowntree,krowntree29@si.edu,Male,150.60.168.199
83,Sheff,Luetchford,sluetchford2a@g.co,Male,214.141.57.182
84,Ailyn,Sorey,asorey2b@barnesandnoble.com,Agender,103.185.97.100
85,Tamas,Bischof,tbischof2c@census.gov,Male,110.109.47.60
86,Aurilia,Langeley,alangeley2d@pagesperso-orange.fr,Female,61.99.143.129
87,Zacharie,Causbey,zcausbey2e@businessweek.com,Agender,41.213.198.107
88,Allin,Gyrgorcewicx,agyrgorcewicx2f@nhs.uk,Male,215.52.226.97
89,Olia,Tirrell,otirrell2g@wikispaces.com,Female,213.134.168.109
90,Maxie,Filipponi,mfilipponi2h@amazonaws.com,Polygender,224.35.55.16
91,Robin,Bernon,rbernon2i@seesaa.net,Male,55.183.101.58
92,Cassie,Tolley,ctolley2j@com.com,Female,100.142.171.227
93,Camel,Rangle,crangle2k@naver.com,Agender,223.3.122.194
94,Stearne,Houseley,shouseley2l@webnode.com,Male,13.128.131.227
95,Seamus,Goff,sgoff2m@princeton.edu,Male,65.161.87.79
96,Candace,Gaffer,cgaffer2n@indiegogo.com,Female,185.54.186.85
97,Gnni,Leeson,gleeson2o@whitehouse.gov,Polygender,60.85.123.125
98,Nathaniel,Letcher,nletcher2p@devhub.com,Male,99.182.67.26
99,Allix,Fermer,afermer2q@myspace.com,Female,37.169.141.130
100,Waneta,Thorn,wthorn2r@posterous.com,Female,114.111.226.0
101,Emmery,Gladding,egladding2s@nbcnews.com,Male,220.91.104.242
102,Ignaz,Chettle,ichettle2t@si.edu,Male,229.180.230.41
103,Jodee,Thompkins,jthompkins2u@wired.com,Female,232.34.181.108
104,Ulises,Timms,utimms2v@storify.com,Male,180.185.192.134
105,Annice,Murie,amurie2w@tinyurl.com,Female,246.230.143.101
106,Tomas,Lillicrap,tlillicrap2x@howstuffworks.com,Male,71.7.4.147
107,Stoddard,Baxstar,sbaxstar2y@forbes.com,Polygender,5.37.151.111
108,Marybeth,Donativo,mdonativo2z@sitemeter.com,Female,75.228.17.9
109,Freemon,Leynton,fleynton30@oaic.gov.au,Male,21.204.113.254
110,Madelaine,Archell,marchell31@yelp.com,Female,47.67.171.116
111,Neale,Gatecliffe,ngatecliffe32@springer.com,Male,95.253.235.84
112,Merry,Lavelle,mlavelle33@google.es,Male,38.117.209.37
113,Cletis,Mewha,cmewha34@biblegateway.com,Male,147.159.43.170
114,Mack,Lennie,mlennie35@moonfruit.com,Male,183.1.179.38
115,Ode,Greenstead,ogreenstead36@surveymonkey.com,Male,242.82.170.175
116,Francois,Bumfrey,fbumfrey37@squarespace.com,Male,162.197.98.225
117,Doralynne,Scinelli,dscinelli38@theglobeandmail.com,Female,166.202.213.208
118,Darcy,Navarro,dnavarro39@hhs.gov,Male,238.221.43.30
119,Gretna,Owttrim,gowttrim3a@independent.co.uk,Female,208.123.12.63
120,Teresita,Holberry,tholberry3b@51.la,Genderfluid,87.232.106.85
121,Cristian,Rosenblad,crosenblad3c@reference.com,Male,87.184.6.243
122,Fernando,Flacke,fflacke3d@economist.com,Male,227.213.146.199
123,Robbyn,Haresign,rharesign3e@globo.com,Female,179.110.20.162
124,Lyndsie,Johnes,ljohnes3f@cbsnews.com,Female,109.222.35.110
125,Renee,Sheddan,rsheddan3g@mapquest.com,Female,108.79.153.46
126,Lauretta,Fivey,lfivey3h@japanpost.jp,Female,48.243.175.126
127,Muffin,Churly,mchurly3i@mapquest.com,Male,38.97.158.41
128,Denice,Schimon,dschimon3j@usatoday.com,Genderqueer,102.184.218.161
129,Marena,Wildish,mwildish3k@mlb.com,Female,54.213.55.164
130,Gus,Middleditch,gmiddleditch3l@usnews.com,Male,111.10.50.254
131,Tiphanie,Pohlke,tpohlke3m@github.io,Female,243.37.229.140
132,Finley,Hupe,fhupe3n@booking.com,Male,59.19.27.152
133,Hakim,Tite,htite3o@theatlantic.com,Male,55.51.128.209
134,Feliza,Nand,fnand3p@dot.gov,Female,48.237.100.75
135,Curcio,Spensly,cspensly3q@cpanel.net,Male,68.150.174.120
136,Leese,Kember,lkember3r@shareasale.com,Female,196.72.240.128
137,Ozzy,Morphet,omorphet3s@oaic.gov.au,Male,105.43.38.220
138,Olia,Gravy,ogravy3t@ameblo.jp,Female,251.217.47.54
139,Standford,Bickerstaff,sbickerstaff3u@sbwire.com,Male,245.177.111.235
140,Jessey,Studde,jstudde3v@amazon.de,Male,227.8.155.193
141,Jamima,Wearden,jwearden3w@hexun.com,Female,200.168.213.167
142,Angelo,Gawthorpe,agawthorpe3x@salon.com,Non-binary,43.149.46.88
143,Adolph,Branford,abranford3y@va.gov,Male,62.37.76.12
144,Brand,McCaster,bmccaster3z@blogs.com,Male,87.247.44.84
145,Noelyn,Utridge,nutridge40@miitbeian.gov.cn,Female,13.200.176.156
146,Dix,Sleep,dsleep41@hud.gov,Female,91.105.127.157
147,Margaretta,Capun,mcapun42@qq.com,Female,224.209.138.138
148,Carlos,Clancy,cclancy43@example.com,Male,129.98.31.186
149,Vance,Dodridge,vdodridge44@msn.com,Male,108.251.170.71
150,Ariel,Siley,asiley45@fotki.com,Female,202.152.80.54
151,Shae,Vedenichev,svedenichev46@skype.com,Male,180.169.247.230
152,Redford,Pree,rpree47@webeden.co.uk,Bigender,99.9.247.97
153,Rachelle,Crolly,rcrolly48@liveinternet.ru,Female,30.164.142.47
154,Marni,Ramsell,mramsell49@ftc.gov,Female,119.86.194.13
155,Thoma,Yeude,tyeude4a@sphinn.com,Male,175.150.53.30
156,Markos,Shalliker,mshalliker4b@myspace.com,Male,120.43.249.109
157,Jude,Stower,jstower4c@columbia.edu,Male,121.237.172.119
158,Mathilda,Beever,mbeever4d@accuweather.com,Female,90.186.18.37
159,Gerianne,Dannatt,gdannatt4e@eepurl.com,Female,99.131.105.190
160,Dona,Barnicott,dbarnicott4f@godaddy.com,Female,60.139.40.137
161,Todd,North,tnorth4g@friendfeed.com,Male,178.40.141.218
162,Bryce,Raise,braise4h@blinklist.com,Male,218.234.190.249
163,Pattie,Eouzan,peouzan4i@stanford.edu,Male,168.127.197.91
164,Jasmin,Belvard,jbelvard4j@seesaa.net,Polygender,51.240.148.251
165,Onfroi,Stallen,ostallen4k@weebly.com,Male,141.205.43.137
166,Lindsay,Chansonne,lchansonne4l@newyorker.com,Male,30.235.5.197
167,Nehemiah,Shank,nshank4m@house.gov,Male,72.147.155.28
168,Fanchette,Fullerton,ffullerton4n@npr.org,Female,5.198.29.54
169,Madison,Dufoure,mdufoure4o@amazon.com,Male,72.92.65.99
170,Marv,Gilyatt,mgilyatt4p@w3.org,Male,85.53.176.112
171,Trista,Neames,tneames4q@paginegialle.it,Female,37.81.61.14
172,Dorelia,Duchenne,dduchenne4r@unesco.org,Non-binary,196.17.217.179
173,Silas,Leadley,sleadley4s@taobao.com,Non-binary,150.27.73.106
174,Emilio,Winkless,ewinkless4t@canalblog.com,Male,173.71.64.126
175,Phyllys,Birtwell,pbirtwell4u@google.com.au,Genderfluid,78.4.35.159
176,Britte,Keays,bkeays4v@sciencedirect.com,Female,22.65.112.250
177,Randi,Carefull,rcarefull4w@wired.com,Genderqueer,131.192.93.179
178,Myer,Dowthwaite,mdowthwaite4x@dropbox.com,Male,134.189.16.174
179,Andi,Annetts,aannetts4y@wufoo.com,Female,205.120.181.31
180,Roley,Riba,rriba4z@reverbnation.com,Male,50.167.118.88
181,Bernadette,Mouton,bmouton50@epa.gov,Female,133.224.52.58
182,Conny,Illingworth,cillingworth51@bandcamp.com,Male,49.56.250.104
183,Curr,Stamp,cstamp52@slate.com,Male,112.162.11.31
184,Nanci,Borley,nborley53@kickstarter.com,Female,222.28.26.17
185,Kariotta,Bliss,kbliss54@discuz.net,Female,252.75.151.149
186,Hadleigh,Hemerijk,hhemerijk55@networkadvertising.org,Male,218.178.66.251
187,Korrie,Sergeaunt,ksergeaunt56@cornell.edu,Female,3.104.139.84
188,Merwyn,Taylder,mtaylder57@yahoo.com,Male,212.93.50.28
189,Roley,MacLaverty,rmaclaverty58@discovery.com,Male,89.78.203.77
190,Osborn,Mitchel,omitchel59@chronoengine.com,Male,206.210.14.160
191,Leola,Paffley,lpaffley5a@comsenz.com,Female,152.101.234.251
192,Eartha,Allin,eallin5b@huffingtonpost.com,Female,135.126.228.178
193,Richmound,Merveille,rmerveille5c@mashable.com,Male,175.213.78.89
194,Darrick,Pidgeley,dpidgeley5d@1und1.de,Male,36.121.96.170
195,Welbie,Grelik,wgrelik5e@baidu.com,Male,207.104.109.248
196,Nathaniel,Grinikhinov,ngrinikhinov5f@taobao.com,Male,79.8.236.234
197,Seamus,Beining,sbeining5g@rambler.ru,Male,180.247.41.142
198,Sabra,Harmson,sharmson5h@discuz.net,Female,19.25.108.71
199,Radcliffe,Hensmans,rhensmans5i@multiply.com,Male,179.170.21.126
200,Felice,Camacke,fcamacke5j@histats.com,Male,94.97.64.91
201,Aleece,Tibbles,atibbles5k@un.org,Female,85.49.46.235
202,Livvie,Jahnel,ljahnel5l@go.com,Female,160.98.233.238
203,Carly,Klosges,cklosges5m@salon.com,Male,119.254.235.187
204,Christine,Beentjes,cbeentjes5n@unc.edu,Non-binary,37.206.28.164
205,Happy,Bayley,hbayley5o@dailymail.co.uk,Female,72.191.213.185
206,Nichole,Gabala,ngabala5p@pinterest.com,Male,110.134.209.53
207,Randell,Moggie,rmoggie5q@google.ru,Male,244.90.129.127
208,Ware,Southby,wsouthby5r@uiuc.edu,Male,162.21.11.117
209,Reade,McDermot,rmcdermot5s@upenn.edu,Male,154.169.86.186
210,Masha,Payton,mpayton5t@xing.com,Female,35.199.217.73
211,Patti,Wilding,pwilding5u@technorati.com,Female,0.52.72.18
212,Maurise,Elsy,melsy5v@geocities.com,Male,13.176.43.190
213,Cynthia,Buxcy,cbuxcy5w@wordpress.org,Female,151.84.175.35
214,Dierdre,Mowling,dmowling5x@ucoz.com,Female,120.78.81.235
215,Cynde,Schubbert,cschubbert5y@wordpress.org,Female,237.27.212.137
216,Davide,Horbath,dhorbath5z@prnewswire.com,Male,170.179.53.64
217,Sydel,Girardi,sgirardi60@unesco.org,Female,29.57.39.164
218,Hiram,Monkman,hmonkman61@walmart.com,Male,49.141.188.101
219,Leonie,Sodo,lsodo62@furl.net,Female,244.98.207.196
220,Sigismundo,Edsell,sedsell63@tinyurl.com,Male,28.31.80.71
221,Margot,Syrad,msyrad64@desdev.cn,Female,11.224.165.158
222,Izabel,Sherston,isherston65@rediff.com,Female,176.46.12.215
223,Hayyim,Ashfield,hashfield66@tinypic.com,Male,7.166.132.31
224,Base,Perazzo,bperazzo67@spotify.com,Male,122.200.101.183
225,Maddalena,Tree,mtree68@cargocollective.com,Female,147.16.8.25
226,Nelly,Bizzey,nbizzey69@spiegel.de,Female,43.183.188.98
227,Peder,Train,ptrain6a@senate.gov,Male,53.35.18.226
228,Conant,Ruck,cruck6b@foxnews.com,Male,246.174.237.140
229,Garrett,Lafflina,glafflina6c@woothemes.com,Genderfluid,209.138.114.194
230,Colene,Ewen,cewen6d@go.com,Female,218.221.74.67
231,Meyer,Jakubski,mjakubski6e@feedburner.com,Polygender,53.23.237.26
232,Noll,Knewstub,nknewstub6f@wisc.edu,Male,229.118.197.207
233,Cariotta,Bendin,cbendin6g@cdbaby.com,Non-binary,131.3.14.75
234,Sarine,Sawyers,ssawyers6h@naver.com,Female,147.2.214.18
235,Natalya,Weldon,nweldon6i@storify.com,Female,24.176.197.73
236,Leroy,Broun,lbroun6j@irs.gov,Male,118.44.168.12
237,Gino,Bullen,gbullen6k@go.com,Male,10.66.241.162
238,Nicol,Croneen,ncroneen6l@yellowpages.com,Female,50.184.221.155
239,Cindy,Gionettitti,cgionettitti6m@dagondesign.com,Female,135.101.223.15
240,Austine,Enever,aenever6n@xinhuanet.com,Female,129.6.93.255
241,Cookie,Passingham,cpassingham6o@cisco.com,Female,219.80.150.55
242,Chan,Tivnan,ctivnan6p@booking.com,Male,186.170.35.236
243,Clea,Stempe,cstempe6q@engadget.com,Female,157.170.37.130
244,Emmalyn,Seth,eseth6r@example.com,Female,114.2.52.36
245,Kaleb,Sinncock,ksinncock6s@java.com,Male,152.40.37.101
246,Walton,Isham,wisham6t@ted.com,Male,149.164.218.213
247,Brett,Emblem,bemblem6u@purevolume.com,Male,138.212.159.206
248,Angelika,Ansett,aansett6v@liveinternet.ru,Female,189.7.135.106
249,Samuele,Plesing,splesing6w@mlb.com,Male,153.142.30.35
250,Barb,Blewitt,bblewitt6x@quantcast.com,Female,42.84.226.87
251,Leyla,Blodgett,lblodgett6y@squidoo.com,Female,38.180.211.219
252,Emmye,Baress,ebaress6z@illinois.edu,Genderfluid,36.124.21.41
253,Christyna,Coye,ccoye70@unicef.org,Female,253.158.136.8
254,Sid,Ciccottio,sciccottio71@jugem.jp,Male,117.154.255.183
255,Con,Matthews,cmatthews72@aboutads.info,Male,68.35.156.162
256,Anson,Kilroy,akilroy73@cbslocal.com,Genderfluid,157.221.4.224
257,Konstanze,Evequot,kevequot74@sitemeter.com,Female,126.108.132.205
258,Prudi,Boustead,pboustead75@sphinn.com,Female,195.198.46.203
259,Giovanna,Bizzey,gbizzey76@cbc.ca,Female,168.228.233.120
260,Raynor,Mulvey,rmulvey77@bloomberg.com,Male,165.83.160.123
261,Kary,Gouldstraw,kgouldstraw78@alexa.com,Female,25.70.117.216
262,Merrile,Staneland,mstaneland79@shutterfly.com,Female,57.40.229.163
263,Hyacinthie,Lenz,hlenz7a@cafepress.com,Genderfluid,187.241.79.248
264,Kendall,Brisker,kbrisker7b@dagondesign.com,Male,151.163.246.135
265,Corrie,McFarlan,cmcfarlan7c@live.com,Non-binary,2.168.213.62
266,Alyce,Vakhrushev,avakhrushev7d@merriam-webster.com,Female,61.204.44.163
267,Teodoor,Chidlow,tchidlow7e@nasa.gov,Male,195.138.237.251
268,Kliment,Meharg,kmeharg7f@auda.org.au,Polygender,253.8.39.130
269,Kelcey,Bearham,kbearham7g@paypal.com,Bigender,59.78.221.244
270,Zacharie,Apple,zapple7h@icio.us,Male,37.142.24.28
271,Ramsay,Paxeford,rpaxeford7i@tinypic.com,Male,110.165.132.74
272,Nydia,Hamblyn,nhamblyn7j@bravesites.com,Female,179.156.40.7
273,Lydie,Leaney,lleaney7k@github.io,Female,194.95.117.53
274,Quintana,Lake,qlake7l@rediff.com,Female,197.40.247.200
275,Justus,Shovel,jshovel7m@sina.com.cn,Male,61.66.78.146
276,Raleigh,Angood,rangood7n@foxnews.com,Male,129.38.207.178
277,Neile,Sor,nsor7o@ox.ac.uk,Female,203.126.221.232
278,Jameson,Kevane,jkevane7p@state.tx.us,Male,113.105.183.125
279,Ogdon,Gaw,ogaw7q@tinyurl.com,Non-binary,19.114.238.247
280,Kendra,Schneider,kschneider7r@apple.com,Female,85.181.16.179
281,Anderea,Duggon,aduggon7s@homestead.com,Female,123.179.76.141
282,Patricio,Parsall,pparsall7t@unblog.fr,Male,252.24.199.74
283,Sydelle,Aulton,saulton7u@tumblr.com,Female,176.171.169.139
284,Thomasin,Walczak,twalczak7v@bluehost.com,Female,40.162.21.251
285,Scotty,Willatts,swillatts7w@microsoft.com,Male,190.206.96.231
286,Lorna,Sedger,lsedger7x@springer.com,Female,121.106.178.188
287,Carver,Wyvill,cwyvill7y@icq.com,Male,184.238.65.156
288,Renault,Pinn,rpinn7z@shareasale.com,Male,59.172.121.230
289,Mile,Letford,mletford80@sourceforge.net,Male,63.59.203.211
290,Leela,Richardsson,lrichardsson81@huffingtonpost.com,Female,210.116.218.141
291,Pennie,Rizzini,prizzini82@seesaa.net,Female,102.108.227.54
292,Jillane,Heaffey,jheaffey83@acquirethisname.com,Female,202.201.240.77
293,Dwayne,Dowber,ddowber84@tamu.edu,Male,152.135.62.15
294,Wilmar,Cotillard,wcotillard85@state.tx.us,Male,214.237.13.88
295,Pavlov,Grinston,pgrinston86@trellian.com,Male,235.40.98.30
296,Julie,Spellsworth,jspellsworth87@answers.com,Male,126.97.13.7
297,Arvie,Biskupek,abiskupek88@ebay.co.uk,Male,232.149.123.198
298,Kerianne,Haborn,khaborn89@e-recht24.de,Genderqueer,113.230.150.169
299,Bunny,Boatwright,bboatwright8a@e-recht24.de,Female,205.84.118.199
300,Redd,Itzhak,ritzhak8b@seattletimes.com,Bigender,26.106.11.224
301,Garwin,Francesconi,gfrancesconi8c@yellowpages.com,Male,85.250.196.190
302,Sheila,Paddemore,spaddemore8d@fastcompany.com,Agender,100.213.11.193
303,Annelise,Epsly,aepsly8e@lycos.com,Female,100.158.168.65
304,Vania,Canete,vcanete8f@furl.net,Female,39.7.213.224
305,Orel,Degli Antoni,odegliantoni8g@alibaba.com,Female,67.74.199.122
306,Glenine,De Anesy,gdeanesy8h@mozilla.org,Female,108.13.202.51
307,Charity,Winfrey,cwinfrey8i@samsung.com,Agender,136.13.32.238
308,Shelbi,Ivey,sivey8j@google.es,Female,216.151.147.41
309,Nolly,Tillot,ntillot8k@ftc.gov,Male,247.2.14.193
310,Fannie,Eilles,feilles8l@hibu.com,Female,46.211.207.197
311,Binky,Scrivner,bscrivner8m@bloglines.com,Male,141.112.112.134
312,Enoch,Bilney,ebilney8n@ocn.ne.jp,Male,156.12.102.17
313,Sigvard,Gelletly,sgelletly8o@amazon.com,Male,157.157.53.230
314,Sherill,Keyzman,skeyzman8p@flavors.me,Female,102.231.230.168
315,Jessamyn,Hurll,jhurll8q@goo.gl,Female,195.142.157.195
316,Clerissa,Comfort,ccomfort8r@wufoo.com,Female,229.170.80.196
317,Fowler,Malyon,fmalyon8s@fotki.com,Polygender,221.241.93.81
318,Lamont,Spencers,lspencers8t@artisteer.com,Male,67.206.144.95
319,Duane,Milksop,dmilksop8u@paginegialle.it,Male,205.116.118.225
320,Stu,Gladwell,sgladwell8v@furl.net,Male,64.110.182.147
321,Bonni,Anstee,banstee8w@sciencedirect.com,Female,198.23.172.207
322,Willie,Webborn,wwebborn8x@wufoo.com,Male,207.199.166.115
323,Corbett,O'Loughane,coloughane8y@businesswire.com,Male,175.0.112.83
324,Tripp,Aseef,taseef8z@mayoclinic.com,Male,47.174.237.114
325,Britt,Presslie,bpresslie90@sun.com,Female,176.252.191.238
326,Tripp,Fingleton,tfingleton91@cnbc.com,Male,57.52.199.85
327,Carmel,Warr,cwarr92@w3.org,Female,169.148.17.255
328,Bondie,Walkden,bwalkden93@youku.com,Male,197.150.243.140
329,Munroe,Shillito,mshillito94@barnesandnoble.com,Male,114.35.207.234
330,Ambrosius,Zapater,azapater95@independent.co.uk,Male,115.146.202.192
331,Rhiamon,Hexham,rhexham96@g.co,Female,138.71.107.223
332,Rosaline,Molan,rmolan97@soup.io,Female,207.143.133.207
333,Katie,Linford,klinford98@si.edu,Female,243.231.109.156
334,Beth,Jarrell,bjarrell99@hexun.com,Female,99.157.130.166
335,Yank,Twine,ytwine9a@yahoo.com,Male,39.102.8.240
336,Langston,Easthope,leasthope9b@cdbaby.com,Male,152.145.181.180
337,Adora,Buckley,abuckley9c@latimes.com,Female,158.89.3.158
338,Leodora,Thirlwell,lthirlwell9d@nhs.uk,Female,20.188.139.246
339,Tabby,Tuley,ttuley9e@nbcnews.com,Female,196.128.88.68
340,Jobyna,Di Franceschi,jdifranceschi9f@pen.io,Female,16.21.211.215
341,Alvina,Tinner,atinner9g@nationalgeographic.com,Female,126.8.55.40
342,Valentia,Marini,vmarini9h@ovh.net,Female,192.49.192.191
343,Pierce,Corder,pcorder9i@techcrunch.com,Male,82.7.49.205
344,Edi,Gundry,egundry9j@sakura.ne.jp,Female,20.64.238.64
345,Donnell,Tow,dtow9k@gravatar.com,Non-binary,99.194.169.169
346,Casandra,Croston,ccroston9l@apache.org,Female,117.74.236.105
347,Jordana,Stadding,jstadding9m@prlog.org,Female,156.42.111.3
348,Peder,Zapater,pzapater9n@patch.com,Male,137.44.235.1
349,Farrel,Dowtry,fdowtry9o@e-recht24.de,Male,173.99.122.206
350,Wilone,Lafond,wlafond9p@bloglovin.com,Agender,235.184.103.20
351,Cacilie,Tumber,ctumber9q@rediff.com,Female,218.216.38.115
352,Carmencita,Bickerstaffe,cbickerstaffe9r@chicagotribune.com,Female,223.115.159.215
353,Orren,Budd,obudd9s@uiuc.edu,Male,198.9.188.245
354,Aleta,Brouwer,abrouwer9t@bbc.co.uk,Female,236.163.189.96
355,Alfons,Forde,aforde9u@behance.net,Male,126.253.148.241
356,Brittni,Risebarer,brisebarer9v@bloglovin.com,Female,216.22.70.235
357,Enrico,Standeven,estandeven9w@lycos.com,Male,126.40.184.114
358,Carlee,Boissieux,cboissieux9x@posterous.com,Female,18.170.117.89
359,Piper,Smitheram,psmitheram9y@ebay.com,Female,242.142.41.89
360,Prent,Dunguy,pdunguy9z@amazon.de,Male,156.250.183.232
361,Herschel,Olexa,holexaa0@dedecms.com,Male,245.199.11.133
362,Chandra,Bohling,cbohlinga1@ask.com,Female,17.138.99.142
363,Irina,Maleham,imalehama2@feedburner.com,Female,45.157.84.210
364,Chick,Koenraad,ckoenraada3@mashable.com,Male,127.53.217.114
365,Rooney,Scaice,rscaicea4@psu.edu,Male,195.83.33.251
366,Jdavie,Ferry,jferrya5@prlog.org,Male,43.165.225.18
367,Karee,Webb-Bowen,kwebbbowena6@elpais.com,Female,40.85.73.129
368,Irving,Sola,isolaa7@narod.ru,Polygender,215.150.144.103
369,Heath,Waring,hwaringa8@sun.com,Male,254.193.226.135
370,Carley,Pagden,cpagdena9@pagesperso-orange.fr,Female,195.53.105.127
371,Brewer,Hoyland,bhoylandaa@e-recht24.de,Male,82.139.236.82
372,Audra,Jerrems,ajerremsab@ed.gov,Female,199.200.123.251
373,Emmerich,Mangion,emangionac@yelp.com,Male,240.168.108.251
374,Channa,Manvell,cmanvellad@vistaprint.com,Female,83.231.140.251
375,Peadar,Bilham,pbilhamae@example.com,Male,31.184.213.195
376,Jillayne,McCarty,jmccartyaf@amazon.de,Female,250.63.46.84
377,Giffard,Gidman,ggidmanag@utexas.edu,Male,171.10.127.9
378,Audi,Matthieson,amatthiesonah@irs.gov,Female,210.241.191.213
379,Humfrey,Thor,hthorai@marketwatch.com,Bigender,23.34.46.229
380,Denna,Heisler,dheisleraj@ezinearticles.com,Female,24.8.240.79
381,Glynn,Bamsey,gbamseyak@so-net.ne.jp,Male,94.122.205.116
382,Penelope,Moine,pmoineal@psu.edu,Bigender,201.95.104.41
383,Liane,Joontjes,ljoontjesam@live.com,Female,47.47.99.14
384,Dorri,Ambrosio,dambrosioan@joomla.org,Polygender,134.8.125.4
385,Shannon,Pordal,spordalao@amazon.co.jp,Genderfluid,218.181.89.219
386,Shandie,Busk,sbuskap@intel.com,Bigender,66.83.180.137
387,Jan,Mathison,jmathisonaq@fotki.com,Male,238.15.6.243
388,Alphonse,Kilian,akilianar@webnode.com,Male,79.222.7.76
389,Bee,Paulson,bpaulsonas@friendfeed.com,Female,195.2.170.221
390,Gabey,Coggins,gcogginsat@nhs.uk,Female,46.142.223.63
391,Normand,Philipeau,nphilipeauau@boston.com,Male,74.212.201.101
392,Yoko,Armin,yarminav@ebay.co.uk,Female,171.183.217.159
393,Stacie,Kleine,skleineaw@theglobeandmail.com,Genderfluid,60.127.221.23
394,Keir,Bech,kbechax@fastcompany.com,Male,35.129.169.10
395,Ive,Ruthven,iruthvenay@earthlink.net,Male,164.12.141.20
396,Giustino,Beert,gbeertaz@flavors.me,Male,27.213.109.36
397,Michail,Jayume,mjayumeb0@ovh.net,Male,30.14.118.170
398,Abdel,Boffey,aboffeyb1@xing.com,Male,153.179.235.94
399,Berne,Rosenfrucht,brosenfruchtb2@networksolutions.com,Male,226.241.238.169
400,Norean,Rivard,nrivardb3@go.com,Genderfluid,110.155.45.236
401,Luella,Piet,lpietb4@google.de,Female,97.185.230.176
402,Kathe,Gorusso,kgorussob5@kickstarter.com,Female,153.13.129.151
403,Bary,Waulker,bwaulkerb6@t-online.de,Polygender,186.1.227.224
404,Cyndy,Sturdy,csturdyb7@theglobeandmail.com,Female,76.13.240.190
405,Bianka,Roundtree,broundtreeb8@jiathis.com,Female,218.98.146.54
406,Elfie,Neicho,eneichob9@icio.us,Female,50.116.4.188
407,Lucretia,Maher,lmaherba@businessweek.com,Female,170.13.102.178
408,Aurel,Conibere,aconiberebb@abc.net.au,Agender,220.16.34.220
409,Currey,Abernethy,cabernethybc@ucoz.ru,Male,151.249.233.142
410,Harri,Crockett,hcrockettbd@wordpress.com,Female,108.221.7.51
411,Addison,Town,atownbe@washingtonpost.com,Male,91.179.57.50
412,Tom,Elfes,telfesbf@topsy.com,Male,191.23.132.79
413,Mikel,Remmers,mremmersbg@mac.com,Polygender,192.43.213.153
414,Lind,Hassekl,lhasseklbh@canalblog.com,Female,72.132.152.57
415,Onida,Barnfather,obarnfatherbi@house.gov,Genderqueer,231.235.150.157
416,Wernher,Danielou,wdanieloubj@google.es,Male,22.179.147.224
417,Blair,Moy,bmoybk@geocities.jp,Female,179.246.185.61
418,Brenn,Molan,bmolanbl@google.ca,Female,220.206.233.205
419,Delinda,Dhenin,ddheninbm@dot.gov,Female,229.158.63.217
420,Clevey,Degue,cdeguebn@europa.eu,Male,141.80.47.159
421,Johny,Canas,jcanasbo@addthis.com,Male,46.196.101.88
422,Corrina,Gelsthorpe,cgelsthorpebp@barnesandnoble.com,Female,53.157.233.240
423,Archibold,Szymanski,aszymanskibq@utexas.edu,Male,18.180.155.95
424,Dal,Gurr,dgurrbr@shinystat.com,Male,175.97.36.125
425,Michelina,Blackader,mblackaderbs@t-online.de,Female,54.253.57.14
426,Tandy,Phlipon,tphliponbt@who.int,Female,226.250.55.102
427,Evangeline,Mingardi,emingardibu@usa.gov,Female,49.76.6.58
428,Lucky,Macklin,lmacklinbv@mediafire.com,Female,206.87.5.203
429,Hobie,Robun,hrobunbw@mashable.com,Male,27.247.210.227
430,Jonathon,Ilyukhov,jilyukhovbx@ocn.ne.jp,Male,165.155.166.132
431,Guinna,Shetliff,gshetliffby@newyorker.com,Genderfluid,116.179.78.123
432,Ronny,Darington,rdaringtonbz@cnet.com,Female,45.236.225.10
433,Evie,Plumley,eplumleyc0@bloglovin.com,Female,251.81.84.75
434,Janel,Padbury,jpadburyc1@people.com.cn,Female,62.72.113.236
435,Keenan,Stonman,kstonmanc2@theglobeandmail.com,Male,233.112.3.16
436,Conan,Shiliton,cshilitonc3@indiatimes.com,Male,170.28.198.84
437,Lil,Juckes,ljuckesc4@jiathis.com,Female,233.182.196.123
438,Thatch,Canter,tcanterc5@nhs.uk,Male,20.114.95.51
439,Mandi,Troak,mtroakc6@last.fm,Female,51.110.42.191
440,Sheff,Durnian,sdurnianc7@fastcompany.com,Male,238.66.255.38
441,Chan,Lowing,clowingc8@europa.eu,Male,197.10.146.189
442,Quintus,Farny,qfarnyc9@blogs.com,Male,162.203.181.117
443,Den,Manton,dmantonca@google.ru,Male,99.244.187.56
444,Ara,Sargeaunt,asargeauntcb@cnet.com,Male,125.170.235.89
445,Johny,Lots,jlotscc@jigsy.com,Male,132.27.159.89
446,Mandy,Raitie,mraitiecd@shinystat.com,Female,213.101.190.240
447,Nancey,Targe,ntargece@yahoo.com,Female,202.116.130.18
448,Juline,Faichney,jfaichneycf@opera.com,Female,11.148.72.175
449,Drucy,Riolfi,driolficg@edublogs.org,Female,211.93.141.173
450,Godfry,Middlemiss,gmiddlemissch@geocities.com,Male,98.152.153.179
451,Petr,Hatley,phatleyci@goo.ne.jp,Male,50.67.17.66
452,Rodi,Axelbee,raxelbeecj@cbc.ca,Female,114.216.14.205
453,Devlin,Sultan,dsultanck@netscape.com,Male,87.110.69.61
454,Coop,Kendell,ckendellcl@uiuc.edu,Male,31.193.196.162
455,Dominic,Baldinotti,dbaldinotticm@livejournal.com,Male,44.27.116.7
456,Raychel,Goom,rgoomcn@tamu.edu,Female,236.116.149.7
457,Sharron,Pobjoy,spobjoyco@edublogs.org,Female,39.184.247.167
458,Erik,Teffrey,eteffreycp@walmart.com,Male,167.75.103.191
459,Tamarah,Forgie,tforgiecq@wikispaces.com,Female,110.244.165.138
460,Marcel,Wolverson,mwolversoncr@nyu.edu,Male,218.89.76.174
461,Raymund,Threadkell,rthreadkellcs@blogger.com,Male,111.76.217.104
462,Minnie,Endecott,mendecottct@home.pl,Female,219.5.179.165
463,Flori,Cianelli,fcianellicu@hp.com,Female,157.54.97.108
464,Ari,Breznovic,abreznoviccv@shutterfly.com,Male,30.3.228.153
465,Osmund,Phinnessy,ophinnessycw@unblog.fr,Male,22.76.188.78
466,Jerrylee,Perrygo,jperrygocx@wired.com,Female,223.153.251.13
467,Clementina,Yeld,cyeldcy@baidu.com,Female,30.2.150.4
468,Corie,Forsyde,cforsydecz@wordpress.org,Female,218.98.163.238
469,Fred,Lonsbrough,flonsbroughd0@indiegogo.com,Male,102.80.164.108
470,Hyatt,Fawdery,hfawderyd1@tiny.cc,Male,58.84.246.70
471,Norry,Duetsche,nduetsched2@meetup.com,Male,215.219.104.109
472,Dulsea,Vaissiere,dvaissiered3@state.gov,Female,126.100.148.141
473,Porter,Capon,pcapond4@bloomberg.com,Male,75.86.195.100
474,Blancha,Ricardet,bricardetd5@i2i.jp,Female,54.11.230.255
475,Elsworth,Goody,egoodyd6@networkadvertising.org,Male,175.149.147.61
476,Erin,Shawyers,eshawyersd7@craigslist.org,Bigender,94.253.213.130
477,Corabella,Mulleary,cmullearyd8@amazon.co.uk,Female,139.202.226.178
478,Rikki,Epsly,repslyd9@ft.com,Female,225.36.94.20
479,Barn,Pinckney,bpinckneyda@typepad.com,Male,63.54.210.13
480,Margie,Cadalleder,mcadallederdb@reuters.com,Female,30.8.19.103
481,Lambert,Dilland,ldillanddc@istockphoto.com,Male,6.18.38.48
482,Casandra,Fitter,cfitterdd@freewebs.com,Female,176.127.196.220
483,Traver,Tolossi,ttolosside@businessweek.com,Male,115.24.7.234
484,Bary,Ledford,bledforddf@google.com.hk,Male,111.138.224.216
485,Sigfried,Barham,sbarhamdg@fotki.com,Genderfluid,255.128.3.0
486,Lucita,Lowrie,llowriedh@wikimedia.org,Female,96.55.133.125
487,Charlot,Guye,cguyedi@va.gov,Female,173.33.142.133
488,Benn,Farra,bfarradj@istockphoto.com,Male,238.0.217.130
489,Alli,Ruggles,arugglesdk@google.com.au,Female,230.157.213.108
490,Fiorenze,Fishe,ffishedl@un.org,Agender,0.84.187.248
491,Dietrich,Kendrew,dkendrewdm@gmpg.org,Male,12.134.125.248
492,D'arcy,Wilcher,dwilcherdn@ucoz.com,Male,14.22.10.251
493,Callida,MacRedmond,cmacredmonddo@elpais.com,Female,33.218.92.222
494,Alessandra,Fletcher,afletcherdp@europa.eu,Female,193.37.199.74
495,Dawn,Baggally,dbaggallydq@amazon.de,Female,38.247.142.207
496,Perry,Merrett,pmerrettdr@statcounter.com,Male,77.190.251.224
497,Laetitia,Brenstuhl,lbrenstuhlds@oaic.gov.au,Female,109.204.43.251
498,Tabor,Ridgedell,tridgedelldt@hc360.com,Male,254.51.66.49
499,Lanette,Lonsbrough,llonsbroughdu@mit.edu,Female,200.190.158.22
500,Gisella,Farndale,gfarndaledv@ameblo.jp,Female,112.247.52.55
501,Katee,Karlqvist,kkarlqvistdw@bloomberg.com,Female,117.172.212.44
502,Rosetta,Ferrino,rferrinodx@yellowpages.com,Female,184.101.98.201
503,Carroll,Goodhall,cgoodhalldy@delicious.com,Male,103.155.54.201
504,Cherye,Alp,calpdz@blog.com,Female,82.247.42.186
505,Ree,Ladbury,rladburye0@artisteer.com,Female,14.232.119.247
506,Cally,Masic,cmasice1@phoca.cz,Female,140.108.161.135
507,Lewie,Heads,lheadse2@webmd.com,Male,63.100.67.39
508,Lida,Caw,lcawe3@pbs.org,Genderfluid,100.83.123.80
509,Maje,Corneil,mcorneile4@usgs.gov,Male,168.66.146.152
510,Duke,De Lasci,ddelascie5@google.co.jp,Male,26.216.246.132
511,Northrop,Chesterton,nchestertone6@storify.com,Male,206.108.92.168
512,Shea,Shadrack,sshadracke7@apache.org,Female,30.139.201.214
513,Sabrina,Leaf,sleafe8@usa.gov,Female,233.176.221.51
514,Saunderson,Pates,spatese9@engadget.com,Male,104.38.86.228
515,Mayor,Fitzharris,mfitzharrisea@sciencedirect.com,Male,24.223.112.19
516,Vic,Dilliway,vdilliwayeb@skyrock.com,Male,41.123.157.140
517,Catherine,Blake,cblakeec@cnbc.com,Female,247.35.142.173
518,Alain,Gillbey,agillbeyed@friendfeed.com,Male,74.194.70.115
519,Romona,Kedge,rkedgeee@shareasale.com,Non-binary,188.198.217.250
520,Daryle,Cases,dcasesef@bigcartel.com,Male,133.66.125.20
521,Bren,Floyed,bfloyedeg@chronoengine.com,Female,223.141.44.199
522,Pennie,Glover,pglovereh@people.com.cn,Male,221.98.46.139
523,Raine,MacElane,rmacelaneei@imdb.com,Female,117.252.247.235
524,Dode,Kirman,dkirmanej@google.cn,Female,63.185.82.28
525,Aloysius,Gawthrop,agawthropek@tuttocitta.it,Male,72.226.51.211
526,Gradey,Cruddace,gcruddaceel@mozilla.org,Male,73.7.43.31
527,Douglas,Greenhead,dgreenheadem@prnewswire.com,Male,171.144.232.198
528,Gabby,Raraty,graratyen@netvibes.com,Male,101.99.88.102
529,Early,Abella,eabellaeo@blogs.com,Male,164.49.77.10
530,Gaynor,Aldren,galdrenep@earthlink.net,Female,124.183.148.13
531,Holly-anne,Vaggers,hvaggerseq@eventbrite.com,Polygender,77.64.83.200
532,Caleb,Erangey,cerangeyer@squidoo.com,Male,86.6.167.48
533,Graehme,Lunny,glunnyes@nps.gov,Male,27.79.166.110
534,Selena,Ashton,sashtonet@tamu.edu,Female,203.107.214.171
535,Sorcha,Rose,sroseeu@cpanel.net,Female,14.29.204.226
536,Erek,Barclay,ebarclayev@google.it,Male,37.253.98.19
537,Daryle,Matyja,dmatyjaew@about.com,Male,13.137.79.109
538,Corby,Hirjak,chirjakex@archive.org,Male,17.48.28.169
539,Josefa,Shackelton,jshackeltoney@vimeo.com,Female,82.123.153.27
540,Dorene,Harland,dharlandez@barnesandnoble.com,Female,31.118.63.108
541,Darnell,Malster,dmalsterf0@si.edu,Male,178.187.137.139
542,Garth,Rene,grenef1@meetup.com,Male,213.233.77.130
543,Ax,Brumbie,abrumbief2@hao123.com,Male,190.113.88.220
544,Carrissa,Marten,cmartenf3@ucoz.ru,Female,212.26.173.231
545,Lowell,Smogur,lsmogurf4@cdbaby.com,Male,236.132.122.93
546,Latashia,Schrader,lschraderf5@macromedia.com,Female,131.132.170.196
547,Hortensia,Gatch,hgatchf6@jalbum.net,Female,27.251.146.6
548,Adolph,Kitto,akittof7@istockphoto.com,Male,152.156.8.152
549,Dolph,Fowgies,dfowgiesf8@si.edu,Male,32.57.96.116
550,Gordon,Probate,gprobatef9@mapquest.com,Genderqueer,148.122.205.121
551,Monroe,Dominichelli,mdominichellifa@addtoany.com,Male,191.206.20.122
552,Elihu,Dobby,edobbyfb@tripadvisor.com,Male,113.153.137.252
553,Nataline,Kyncl,nkynclfc@shutterfly.com,Female,140.89.42.146
554,Cloe,Winwright,cwinwrightfd@fastcompany.com,Bigender,248.194.234.193
555,Lura,Mayling,lmaylingfe@networkadvertising.org,Female,113.61.154.64
556,Karissa,Learmonth,klearmonthff@hubpages.com,Bigender,167.16.179.83
557,Casper,Le Surf,clesurffg@facebook.com,Bigender,138.84.6.111
558,Matthieu,Tomlin,mtomlinfh@archive.org,Male,70.130.43.25
559,Brant,Gullen,bgullenfi@yahoo.co.jp,Male,154.125.116.5
560,Franchot,Huglin,fhuglinfj@myspace.com,Male,241.83.78.136
561,Reggy,Extance,rextancefk@rambler.ru,Male,126.124.59.175
562,Alaric,Guye,aguyefl@ebay.com,Male,46.33.192.165
563,Jamima,O'Lunny,jolunnyfm@a8.net,Genderfluid,65.221.66.151
564,Tedi,Mead,tmeadfn@youku.com,Female,176.217.129.53
565,Elyssa,Beeby,ebeebyfo@japanpost.jp,Female,66.94.155.174
566,Samson,Malster,smalsterfp@acquirethisname.com,Male,29.71.195.218
567,Verene,Kroin,vkroinfq@examiner.com,Female,27.77.251.82
568,Sander,Chesterfield,schesterfieldfr@vistaprint.com,Male,255.104.164.191
569,Deanne,Malsher,dmalsherfs@cnbc.com,Female,89.93.219.54
570,Nicoli,Farmloe,nfarmloeft@nifty.com,Female,156.109.128.164
571,Winifield,Sergant,wsergantfu@usda.gov,Male,18.235.81.57
572,Cally,Desborough,cdesboroughfv@tiny.cc,Female,179.242.15.69
573,Fanny,Hamlyn,fhamlynfw@elegantthemes.com,Female,247.71.148.164
574,Zonda,Le Gassick,zlegassickfx@upenn.edu,Genderqueer,214.210.78.222
575,Morten,Benfield,mbenfieldfy@whitehouse.gov,Male,220.154.71.85
576,Kara,Fludder,kfludderfz@seattletimes.com,Female,134.44.255.172
577,Lesley,Entwistle,lentwistleg0@weather.com,Female,87.191.246.248
578,Brittany,Goldhill,bgoldhillg1@ehow.com,Female,200.150.221.18
579,Austin,Ickeringill,aickeringillg2@umn.edu,Female,16.151.152.211
580,Muhammad,Detoc,mdetocg3@linkedin.com,Male,238.23.49.13
581,Raimund,Worsalls,rworsallsg4@state.gov,Male,246.240.224.26
582,Kit,Bellerby,kbellerbyg5@dagondesign.com,Female,19.40.55.42
583,Meredith,Shorland,mshorlandg6@hugedomains.com,Male,167.184.90.54
584,Olivia,Cronshaw,ocronshawg7@mit.edu,Female,107.232.26.95
585,Demetris,Romney,dromneyg8@umich.edu,Bigender,10.28.87.231
586,April,Mityushkin,amityushking9@europa.eu,Female,175.7.61.51
587,Thibaud,Drescher,tdrescherga@discuz.net,Male,123.35.79.40
588,Jason,Boeter,jboetergb@wikimedia.org,Male,81.176.13.135
589,Jobie,Gowanlock,jgowanlockgc@wsj.com,Female,129.119.17.90
590,Catherina,Glascott,cglascottgd@rediff.com,Female,126.241.44.7
591,Kory,Fetherstone,kfetherstonege@cafepress.com,Male,203.209.228.42
592,Dorene,Srutton,dsruttongf@woothemes.com,Female,52.10.241.173
593,Rabi,Hubbocks,rhubbocksgg@amazon.co.uk,Male,31.46.111.172
594,Shea,Wilkenson,swilkensongh@drupal.org,Male,137.167.150.72
595,Billye,Theuss,btheussgi@is.gd,Female,223.249.103.195
596,Gabie,Fenlon,gfenlongj@house.gov,Male,181.177.40.69
597,Vinson,Banfield,vbanfieldgk@berkeley.edu,Male,236.151.38.55
598,Cesare,Hoult,choultgl@free.fr,Male,65.6.188.110
599,Standford,Bartell,sbartellgm@dmoz.org,Male,190.205.7.32
600,Jo-anne,Stokoe,jstokoegn@chronoengine.com,Female,58.250.115.135
601,Bengt,de Banke,bdebankego@businessinsider.com,Male,145.176.35.106
602,Rafaellle,Griswaite,rgriswaitegp@ebay.com,Male,201.25.14.36
603,Griffy,Soppett,gsoppettgq@oaic.gov.au,Male,205.88.35.48
604,Rupert,Cuss,rcussgr@hc360.com,Male,197.166.33.164
605,Cathyleen,Alker,calkergs@ted.com,Female,170.248.109.231
606,Val,Haucke,vhauckegt@themeforest.net,Male,25.66.35.124
607,Benton,McCall,bmccallgu@digg.com,Bigender,8.239.21.136
608,Walther,Goracci,wgoraccigv@intel.com,Male,91.59.227.142
609,Kort,Paike,kpaikegw@ftc.gov,Male,39.67.141.203
610,Mathew,Bowich,mbowichgx@elpais.com,Male,131.156.111.37
611,Hildegarde,Senescall,hsenescallgy@businessinsider.com,Female,98.247.182.106
612,Cinnamon,Farron,cfarrongz@miitbeian.gov.cn,Female,105.143.239.137
613,Ingmar,Grosvener,igrosvenerh0@altervista.org,Male,189.36.136.54
614,Vaclav,Esposito,vespositoh1@chronoengine.com,Male,143.104.72.78
615,Aida,Frentz,afrentzh2@rakuten.co.jp,Bigender,60.190.172.25
616,Berkley,Brecher,bbrecherh3@hubpages.com,Male,55.139.213.154
617,Rhody,Mazzia,rmazziah4@addthis.com,Genderfluid,106.100.87.46
618,Genvieve,Cahillane,gcahillaneh5@moonfruit.com,Female,32.182.196.237
619,Sigvard,Ganders,sgandersh6@virginia.edu,Male,72.136.23.168
620,Dunn,McFater,dmcfaterh7@nps.gov,Male,144.22.229.32
621,Jonah,Caven,jcavenh8@noaa.gov,Male,228.36.87.175
622,Gizela,Cow,gcowh9@canalblog.com,Female,144.71.86.78
623,Jo-ann,Hugueville,jhuguevilleha@opensource.org,Non-binary,31.67.95.195
624,Cart,McKerron,cmckerronhb@drupal.org,Male,34.208.175.33
625,Yulma,Blues,yblueshc@yahoo.co.jp,Male,122.187.86.67
626,Jeanna,Vela,jvelahd@opensource.org,Female,42.228.253.76
627,Andromache,Sydall,asydallhe@shinystat.com,Genderqueer,143.151.123.238
628,Milly,MacBain,mmacbainhf@purevolume.com,Female,14.254.8.199
629,Sigvard,Kneesha,skneeshahg@merriam-webster.com,Male,36.203.246.15
630,Faythe,Vedeshkin,fvedeshkinhh@usda.gov,Female,236.147.44.140
631,Peadar,Durman,pdurmanhi@bravesites.com,Male,56.202.233.76
632,Langston,Coyle,lcoylehj@merriam-webster.com,Male,170.84.139.83
633,Avivah,Sallarie,asallariehk@examiner.com,Female,68.13.84.197
634,Danell,Christon,dchristonhl@ucoz.ru,Female,108.117.192.66
635,Gerhard,Peal,gpealhm@loc.gov,Male,80.113.61.228
636,Burnard,Ondricek,bondricekhn@example.com,Male,154.208.225.18
637,Tully,Tiller,ttillerho@auda.org.au,Agender,3.52.204.131
638,Kevan,Klejna,kklejnahp@gizmodo.com,Genderfluid,123.109.126.31
639,Casey,Batrip,cbatriphq@people.com.cn,Female,133.75.117.52
640,Dael,Divall,ddivallhr@twitpic.com,Male,153.156.140.237
641,Judy,Spanton,jspantonhs@bloglines.com,Female,107.91.77.189
642,Huberto,Blind,hblindht@paginegialle.it,Male,4.160.130.210
643,Lorens,Sherrington,lsherringtonhu@engadget.com,Male,223.64.183.152
644,Thomasine,Taffs,ttaffshv@edublogs.org,Female,77.83.41.33
645,Marlena,Viscovi,mviscovihw@privacy.gov.au,Female,76.18.16.56
646,Chadwick,Chesworth,cchesworthhx@virginia.edu,Male,46.39.18.212
647,Norry,Teodoro,nteodorohy@e-recht24.de,Male,145.164.180.88
648,Sarine,Tilson,stilsonhz@fema.gov,Female,233.161.189.105
649,Heywood,Warlton,hwarltoni0@hubpages.com,Male,180.168.30.189
650,Marcos,Klugman,mklugmani1@thetimes.co.uk,Male,13.16.75.218
651,Guido,Marle,gmarlei2@europa.eu,Male,119.5.15.114
652,Jobye,Winkell,jwinkelli3@hugedomains.com,Female,175.158.169.182
653,Terri-jo,Barnbrook,tbarnbrooki4@amazon.co.uk,Female,75.81.245.229
654,Madelina,Shrieve,mshrievei5@yellowbook.com,Female,220.108.35.220
655,Francois,Morbey,fmorbeyi6@mtv.com,Male,112.83.117.146
656,Federico,Keppel,fkeppeli7@qq.com,Male,229.72.133.242
657,Jere,Sabben,jsabbeni8@about.com,Female,249.28.156.165
658,Yorgos,Clery,ycleryi9@tumblr.com,Male,3.130.114.105
659,Mile,Fortie,mfortieia@chron.com,Male,2.123.30.107
660,Addy,Christol,achristolib@wsj.com,Male,77.237.48.36
661,Francois,Mannock,fmannockic@yellowpages.com,Genderfluid,13.225.165.212
662,Chadd,Billingsley,cbillingsleyid@netvibes.com,Male,91.24.177.198
663,Minetta,Blackmore,mblackmoreie@google.pl,Female,195.89.161.27
664,Denyse,Preshous,dpreshousif@reference.com,Female,174.212.158.236
665,Ezechiel,Lummis,elummisig@ox.ac.uk,Male,43.149.59.247
666,Jammal,Overstall,joverstallih@shutterfly.com,Male,157.104.117.42
667,Trumaine,Conyers,tconyersii@cmu.edu,Male,208.217.30.111
668,Janine,Seymer,jseymerij@sbwire.com,Female,27.161.81.77
669,Salome,Earles,searlesik@google.fr,Female,69.225.142.116
670,Roselle,Poynton,rpoyntonil@amazonaws.com,Female,74.180.232.71
671,Sharline,Airey,saireyim@feedburner.com,Female,245.192.71.34
672,Mylo,Dugue,mduguein@state.tx.us,Male,161.250.69.185
673,Zita,MacGee,zmacgeeio@sakura.ne.jp,Female,17.213.175.200
674,Jackelyn,Shakesbye,jshakesbyeip@facebook.com,Female,98.120.229.198
675,Niki,Mariet,nmarietiq@msn.com,Male,196.79.212.190
676,Tedda,Collings,tcollingsir@google.de,Female,158.148.188.54
677,Sanson,Van Arsdalen,svanarsdalenis@adobe.com,Male,197.27.108.1
678,Francis,Pomery,fpomeryit@marketwatch.com,Male,45.140.46.125
679,Cinderella,Christley,cchristleyiu@unblog.fr,Female,69.146.226.65
680,Lindsy,Menlove,lmenloveiv@technorati.com,Female,183.42.181.125
681,Derk,Spencelayh,dspencelayhiw@squidoo.com,Male,153.95.248.169
682,Guthrey,Verriour,gverriourix@princeton.edu,Male,153.32.63.215
683,Dewie,Dorro,ddorroiy@shinystat.com,Male,251.83.153.238
684,Rooney,Zaple,rzapleiz@alibaba.com,Male,34.145.104.145
685,Spencer,Davidescu,sdavidescuj0@amazon.com,Male,148.210.120.172
686,Gabriel,Shillabeer,gshillabeerj1@1688.com,Bigender,82.124.129.214
687,Herb,Huyge,hhuygej2@netscape.com,Male,147.117.81.149
688,Ettie,Snel,esnelj3@ibm.com,Female,23.169.190.3
689,Constantino,Moyce,cmoycej4@oracle.com,Male,135.70.95.234
690,Mavis,Lowings,mlowingsj5@drupal.org,Female,98.74.101.209
691,Iolanthe,Kilkenny,ikilkennyj6@photobucket.com,Female,213.106.14.131
692,Anne-marie,Artharg,aarthargj7@comsenz.com,Bigender,15.142.109.184
693,Marj,Furst,mfurstj8@xinhuanet.com,Female,92.21.65.154
694,Adah,Halson,ahalsonj9@psu.edu,Female,245.73.45.126
695,Valina,Formigli,vformiglija@discuz.net,Female,64.110.50.249
696,Mordecai,Dalgetty,mdalgettyjb@list-manage.com,Male,219.97.26.227
697,Beverley,Dmitrievski,bdmitrievskijc@linkedin.com,Female,227.92.44.67
698,Claudius,Sein,cseinjd@mtv.com,Male,198.27.105.137
699,Lynett,Kinton,lkintonje@samsung.com,Female,92.125.231.3
700,Tiler,Rookwell,trookwelljf@drupal.org,Male,173.58.196.175
701,Sumner,Colby,scolbyjg@google.de,Male,162.239.45.238
702,Lucilia,Jertz,ljertzjh@lycos.com,Female,63.56.26.11
703,Domenic,Mash,dmashji@ucoz.ru,Male,52.216.68.102
704,Marlyn,Picott,mpicottjj@t.co,Female,73.241.247.52
705,Seamus,Wakes,swakesjk@angelfire.com,Male,85.46.138.163
706,Ruby,Ellings,rellingsjl@vk.com,Female,163.144.56.126
707,Natal,Shuard,nshuardjm@sphinn.com,Male,13.125.33.222
708,Devondra,Bernt,dberntjn@uol.com.br,Female,128.6.128.248
709,Lynn,Scawen,lscawenjo@blogspot.com,Male,41.133.75.143
710,Betty,Crick,bcrickjp@hatena.ne.jp,Female,187.255.128.224
711,Inessa,Crump,icrumpjq@hao123.com,Female,72.201.171.211
712,Jacinthe,Brandacci,jbrandaccijr@comcast.net,Female,132.59.78.163
713,Lewes,Gallifont,lgallifontjs@oracle.com,Male,206.27.107.132
714,Austine,Mallall,amallalljt@chicagotribune.com,Female,190.130.63.80
715,Levi,Tetsall,ltetsallju@businessweek.com,Male,124.29.17.131
716,Dalton,Roo,droojv@cnet.com,Male,92.10.237.87
717,Aridatha,Ailmer,aailmerjw@ifeng.com,Female,80.148.220.72
718,Zuzana,Axtonne,zaxtonnejx@dion.ne.jp,Female,22.16.109.134
719,Levi,Greep,lgreepjy@zimbio.com,Bigender,60.241.150.172
720,Shannah,Petts,spettsjz@quantcast.com,Female,6.239.128.131
721,Hazel,Scourfield,hscourfieldk0@phoca.cz,Polygender,25.153.41.186
722,Orsola,Waren,owarenk1@elegantthemes.com,Female,225.157.56.227
723,Shana,Mepham,smephamk2@mtv.com,Female,50.23.120.81
724,Ingra,Carnihan,icarnihank3@webs.com,Male,125.134.26.95
725,Andonis,Le Fevre,alefevrek4@forbes.com,Male,145.33.180.196
726,Hebert,Wooler,hwoolerk5@list-manage.com,Male,20.106.112.107
727,Koo,Conring,kconringk6@walmart.com,Female,66.155.179.217
728,Efren,Excell,eexcellk7@topsy.com,Male,204.139.49.124
729,Towny,Avarne,tavarnek8@cbsnews.com,Male,69.246.174.165
730,Sigismond,Simmers,ssimmersk9@drupal.org,Male,109.162.235.28
731,Neda,Ferre,nferreka@google.nl,Female,85.67.51.193
732,Berna,Takkos,btakkoskb@nps.gov,Female,251.47.96.179
733,Kimbra,Titterton,ktittertonkc@last.fm,Female,76.167.241.87
734,Fifine,Asch,faschkd@stumbleupon.com,Female,175.59.238.223
735,Edd,Catherine,ecatherineke@deviantart.com,Male,69.40.166.177
736,Annis,Fletcher,afletcherkf@mit.edu,Female,20.221.63.185
737,Jacynth,Byrde,jbyrdekg@aboutads.info,Female,174.117.1.129
738,Irwinn,Mackerel,imackerelkh@bluehost.com,Male,26.193.90.190
739,Lew,Railton,lrailtonki@networkadvertising.org,Male,64.110.133.171
740,Brice,Pieterick,bpieterickkj@about.com,Male,80.29.159.96
741,Theo,Arrigo,tarrigokk@webeden.co.uk,Female,61.183.31.43
742,Clemens,Garmston,cgarmstonkl@npr.org,Male,40.247.240.128
743,Lynett,Crut,lcrutkm@vimeo.com,Female,255.135.0.153
744,Lazar,Roll,lrollkn@bigcartel.com,Male,64.236.82.73
745,Lyon,Pladen,lpladenko@va.gov,Male,32.130.231.176
746,Ken,Tout,ktoutkp@skyrock.com,Male,39.255.112.227
747,Ibrahim,Semechik,isemechikkq@nifty.com,Male,10.20.226.94
748,Giana,Nicklen,gnicklenkr@opensource.org,Female,120.158.99.141
749,Quint,Skeene,qskeeneks@ft.com,Male,133.121.109.155
750,Modesta,Stutter,mstutterkt@sun.com,Female,173.139.166.175
751,Gill,Crellin,gcrellinku@geocities.jp,Female,110.128.71.234
752,Marabel,Brydone,mbrydonekv@pbs.org,Female,36.100.130.52
753,Northrup,Chieco,nchiecokw@irs.gov,Genderfluid,184.146.97.121
754,Raoul,O' Neligan,roneligankx@goo.gl,Male,193.150.68.131
755,Brittany,Bertome,bbertomeky@bloglines.com,Female,239.236.248.33
756,Mohammed,Lown,mlownkz@apache.org,Male,195.205.231.162
757,Ripley,Mannix,rmannixl0@tripod.com,Male,132.165.153.62
758,Skipp,Cullity,scullityl1@mozilla.org,Male,135.217.108.2
759,Bjorn,Jenik,bjenikl2@friendfeed.com,Male,226.50.23.212
760,Wain,Dadson,wdadsonl3@webeden.co.uk,Male,49.171.153.141
761,Flossy,Dearell,fdearelll4@ted.com,Female,220.38.51.49
762,Rogers,Kilgrew,rkilgrewl5@exblog.jp,Male,131.163.165.106
763,Benedicto,Furney,bfurneyl6@ft.com,Male,134.105.4.83
764,Tania,Dagnall,tdagnalll7@linkedin.com,Female,194.116.33.188
765,Sissie,Tathacott,stathacottl8@ow.ly,Female,42.241.244.233
766,Annemarie,Hizir,ahizirl9@google.pl,Female,110.254.180.243
767,Joceline,O'Hearn,johearnla@salon.com,Female,212.222.206.189
768,Pooh,McLarens,pmclarenslb@wordpress.com,Male,182.71.32.97
769,Idaline,Haestier,ihaestierlc@amazon.co.uk,Female,101.62.182.153
770,Johan,Bondley,jbondleyld@spotify.com,Male,14.78.68.160
771,Alexei,Nardoni,anardonile@multiply.com,Male,224.12.17.82
772,Norrie,Bushell,nbushelllf@people.com.cn,Polygender,151.204.24.250
773,Trueman,Helliker,thellikerlg@cisco.com,Male,7.212.75.148
774,Durand,Adney,dadneylh@storify.com,Male,28.93.120.108
775,Alic,Bosden,abosdenli@elpais.com,Male,231.183.205.158
776,Gustav,Culter,gculterlj@dion.ne.jp,Male,119.249.0.146
777,Dulciana,Genders,dgenderslk@ox.ac.uk,Female,121.105.241.195
778,Marna,Airds,mairdsll@sakura.ne.jp,Female,64.10.142.86
779,Desmond,Taunton.,dtauntonlm@mediafire.com,Male,72.46.153.126
780,Rainer,Ferreo,rferreoln@ehow.com,Male,77.161.126.171
781,Adina,Teas,ateaslo@amazon.com,Female,139.80.210.185
782,Cullin,De Bruyne,cdebruynelp@jimdo.com,Male,253.200.179.170
783,Kippie,Kopfer,kkopferlq@illinois.edu,Female,247.143.27.178
784,Rafaelia,Huffer,rhufferlr@discuz.net,Female,58.76.139.40
785,Annecorinne,O'Looney,aolooneyls@nps.gov,Female,198.8.179.94
786,Wylma,Castella,wcastellalt@icq.com,Female,102.84.242.107
787,Grayce,Vogeller,gvogellerlu@unblog.fr,Female,121.216.66.48
788,Gerta,Camois,gcamoislv@thetimes.co.uk,Female,243.174.132.233
789,Calli,Flaherty,cflahertylw@wordpress.com,Female,10.99.125.112
790,Brendis,Bartak,bbartaklx@qq.com,Male,233.90.126.26
791,Wes,Peddie,wpeddiely@imdb.com,Male,184.108.101.128
792,Agnesse,Beels,abeelslz@pinterest.com,Female,193.22.210.184
793,Bethena,Grout,bgroutm0@moonfruit.com,Female,235.44.167.172
794,Arda,Selley,aselleym1@toplist.cz,Female,154.10.218.220
795,Andree,Castagnet,acastagnetm2@google.com.hk,Female,180.10.136.23
796,Jeni,Revie,jreviem3@opera.com,Polygender,153.142.167.65
797,Jessalin,Whatling,jwhatlingm4@nature.com,Female,166.202.110.195
798,Arel,Lathbury,alathburym5@archive.org,Male,198.80.73.114
799,Barde,Alekseev,balekseevm6@zimbio.com,Genderfluid,94.225.199.241
800,Lou,Southcomb,lsouthcombm7@sbwire.com,Male,206.236.183.2
801,Carlo,McCrackem,cmccrackemm8@ifeng.com,Male,126.156.254.163
802,Katerine,Sowthcote,ksowthcotem9@deliciousdays.com,Female,56.116.200.107
803,Alyosha,Sprules,asprulesma@g.co,Male,243.245.220.41
804,Nanny,Dugget,nduggetmb@howstuffworks.com,Agender,115.68.240.69
805,Sheilakathryn,Glazier,sglaziermc@creativecommons.org,Female,210.108.81.239
806,Ingrim,Craker,icrakermd@quantcast.com,Male,113.140.234.227
807,Lyndsie,Shields,lshieldsme@list-manage.com,Female,129.187.179.42
808,Renado,Turmel,rturmelmf@t.co,Male,27.255.152.99
809,Kelsi,McQueen,kmcqueenmg@oaic.gov.au,Female,125.82.176.246
810,Durant,Weatherburn,dweatherburnmh@digg.com,Male,208.25.62.218
811,Clim,Parncutt,cparncuttmi@booking.com,Male,51.5.170.79
812,Galvin,Burder,gburdermj@archive.org,Male,151.129.27.133
813,Ferd,Parades,fparadesmk@prweb.com,Male,222.243.183.17
814,Laurella,Boshers,lboshersml@wikipedia.org,Female,88.231.206.203
815,Berty,Dorn,bdornmm@soup.io,Female,232.238.217.197
816,Else,Kevlin,ekevlinmn@icio.us,Female,81.34.208.187
817,Brittney,Coddrington,bcoddringtonmo@technorati.com,Female,205.132.186.23
818,Danielle,Kipling,dkiplingmp@github.io,Female,17.60.247.18
819,Stevana,Cogar,scogarmq@canalblog.com,Female,29.5.101.48
820,Orrin,Mutimer,omutimermr@usa.gov,Male,37.9.37.178
821,Daffie,Kopke,dkopkems@businessweek.com,Female,138.33.5.207
822,Arnie,Boat,aboatmt@bloglovin.com,Male,57.240.218.150
823,Barbi,Castellone,bcastellonemu@dailymail.co.uk,Female,58.160.137.32
824,Alair,Cumber,acumbermv@trellian.com,Male,96.158.233.109
825,Elvyn,Matuszinski,ematuszinskimw@uiuc.edu,Male,227.119.2.239
826,Levey,Hollow,lhollowmx@engadget.com,Male,49.100.87.204
827,Lisabeth,Ilbert,lilbertmy@yelp.com,Female,248.44.154.210
828,Sarene,Stearne,sstearnemz@imgur.com,Female,103.44.161.99
829,Pierce,Melliard,pmelliardn0@people.com.cn,Male,3.100.198.255
830,Clary,Bennedick,cbennedickn1@shop-pro.jp,Female,175.105.22.80
831,Ninon,Croan,ncroann2@hexun.com,Female,165.210.71.17
832,Bernhard,Cracker,bcrackern3@live.com,Male,23.145.110.163
833,Anna-diana,Scotsbrook,ascotsbrookn4@acquirethisname.com,Genderqueer,56.11.190.172
834,Nadiya,Bohlens,nbohlensn5@networkadvertising.org,Female,208.140.54.142
835,Elnora,Botham,ebothamn6@nydailynews.com,Female,129.36.14.236
836,Annamaria,Maddigan,amaddigann7@yandex.ru,Non-binary,215.193.145.38
837,Derril,Belmont,dbelmontn8@miibeian.gov.cn,Male,54.254.250.53
838,Bianka,Allison,ballisonn9@unc.edu,Female,212.68.100.131
839,Annabela,Hauxley,ahauxleyna@narod.ru,Female,99.123.254.251
840,Verge,Handrock,vhandrocknb@deviantart.com,Male,137.171.45.121
841,Elberta,Gaitung,egaitungnc@homestead.com,Female,9.124.249.41
842,Savina,Finders,sfindersnd@twitpic.com,Female,157.174.195.205
843,Mattias,Timbs,mtimbsne@opensource.org,Male,101.16.198.48
844,Roderigo,Guinery,rguinerynf@hc360.com,Male,32.171.129.83
845,Alexander,Penni,apenning@exblog.jp,Male,218.196.222.137
846,Alexandr,Persich,apersichnh@ebay.com,Male,46.160.164.107
847,Tessa,King,tkingni@ftc.gov,Female,80.155.39.121
848,Finn,Jarratt,fjarrattnj@netvibes.com,Male,26.80.233.70
849,Hashim,McLaine,hmclainenk@alexa.com,Male,77.228.29.156
850,Lezley,Darragon,ldarragonnl@alibaba.com,Male,47.244.255.34
851,Tedra,Benkin,tbenkinnm@instagram.com,Female,210.57.129.157
852,Elihu,Lindenman,elindenmannn@g.co,Male,235.26.212.99
853,Auberon,Chapellow,achapellowno@posterous.com,Male,38.217.222.160
854,Zelig,Leyban,zleybannp@networkadvertising.org,Male,64.174.99.223
855,Cobb,Starten,cstartennq@i2i.jp,Male,178.229.94.17
856,Clara,Beaves,cbeavesnr@technorati.com,Female,245.138.144.122
857,Brandon,Szymoni,bszymonins@flickr.com,Polygender,142.132.97.203
858,Robinet,Breakwell,rbreakwellnt@zimbio.com,Female,179.117.16.81
859,Field,Stilwell,fstilwellnu@harvard.edu,Male,6.52.61.200
860,Lark,Bilsford,lbilsfordnv@rakuten.co.jp,Female,233.253.137.95
861,Jerri,Bidewel,jbidewelnw@fda.gov,Male,162.241.108.12
862,Hersh,Wolland,hwollandnx@prweb.com,Male,195.232.65.165
863,Torrence,Wildber,twildberny@telegraph.co.uk,Male,4.40.104.88
864,Genvieve,Sheffield,gsheffieldnz@w3.org,Female,164.217.72.179
865,Ring,Platts,rplattso0@flavors.me,Male,188.39.175.58
866,Scarlett,Cosins,scosinso1@mysql.com,Female,190.184.37.241
867,Miriam,Sneden,msnedeno2@umn.edu,Female,220.20.149.51
868,Erwin,Scadden,escaddeno3@comcast.net,Male,131.240.200.107
869,Lemmie,Woliter,lwolitero4@123-reg.co.uk,Male,118.80.227.108
870,Bekki,MacCallester,bmaccallestero5@surveymonkey.com,Female,185.148.65.173
871,Raynard,Waycott,rwaycotto6@mozilla.com,Male,48.94.32.244
872,Frayda,Upham,fuphamo7@so-net.ne.jp,Female,25.220.194.40
873,Manya,Stares,mstareso8@t-online.de,Female,202.252.241.79
874,Inger,Ralfe,iralfeo9@upenn.edu,Female,173.226.42.249
875,Denni,Bunney,dbunneyoa@wired.com,Female,231.16.62.193
876,Shellysheldon,Tyndall,styndallob@liveinternet.ru,Male,155.118.75.124
877,Arlinda,Matzeitis,amatzeitisoc@wufoo.com,Female,114.8.66.226
878,Thurston,Skuse,tskuseod@squidoo.com,Genderfluid,158.145.136.69
879,Brina,Beldham,bbeldhamoe@php.net,Female,26.124.120.163
880,Archambault,McAndie,amcandieof@japanpost.jp,Male,140.212.155.118
881,June,Conville,jconvilleog@zdnet.com,Female,3.243.116.235
882,Hugibert,Penrose,hpenroseoh@cloudflare.com,Male,0.210.244.236
883,Michaela,Brower,mbroweroi@ask.com,Female,120.69.165.217
884,Demetri,Favey,dfaveyoj@senate.gov,Male,219.126.49.8
885,Deane,Cannan,dcannanok@apple.com,Female,130.192.95.190
886,Baillie,Tesimon,btesimonol@about.me,Male,163.11.181.214
887,Chrysler,Rosewarne,crosewarneom@ehow.com,Polygender,80.87.150.236
888,Orelee,Bowling,obowlingon@ask.com,Female,10.213.207.39
889,Wait,Winney,wwinneyoo@latimes.com,Non-binary,173.84.139.172
890,Hedvig,Caine,hcaineop@theatlantic.com,Female,183.189.180.91
891,Pierce,Grisley,pgrisleyoq@ifeng.com,Male,42.125.89.126
892,Amabelle,Skein,askeinor@goodreads.com,Female,149.144.144.174
893,Marlowe,Rosberg,mrosbergos@cyberchimps.com,Polygender,88.57.149.25
894,Krista,MacFayden,kmacfaydenot@webmd.com,Female,15.218.20.93
895,Pooh,Morewood,pmorewoodou@diigo.com,Male,193.66.172.21
896,Renado,Jamieson,rjamiesonov@ask.com,Male,171.55.135.241
897,Daisi,McGonnell,dmcgonnellow@webeden.co.uk,Female,168.177.184.131
898,Reginauld,Hould,rhouldox@tiny.cc,Male,155.166.250.6
899,Corabella,Kundt,ckundtoy@devhub.com,Female,141.98.84.26
900,Emmalynn,Sissons,esissonsoz@prnewswire.com,Female,57.237.95.63
901,Benjy,Winfred,bwinfredp0@merriam-webster.com,Agender,249.17.26.45
902,Marlane,Dale,mdalep1@i2i.jp,Female,106.221.12.212
903,Giffard,Struys,gstruysp2@joomla.org,Male,156.131.134.255
904,Ulberto,Audritt,uaudrittp3@npr.org,Male,52.211.137.218
905,Gratiana,Kingsworth,gkingsworthp4@delicious.com,Female,56.29.125.70
906,Fara,Castelletti,fcastellettip5@epa.gov,Female,180.39.232.157
907,Bliss,Wilkowski,bwilkowskip6@omniture.com,Female,60.63.54.90
908,Gerrilee,Wilkins,gwilkinsp7@360.cn,Female,212.220.254.191
909,Ermina,Sowrey,esowreyp8@blogspot.com,Female,143.61.246.232
910,Dermot,Pagel,dpagelp9@google.ru,Male,29.234.42.19
911,Merrel,Ledur,mledurpa@about.me,Polygender,46.30.195.147
912,Alfy,Gerrelts,agerreltspb@de.vu,Male,62.52.19.155
913,Darci,Dublin,ddublinpc@nih.gov,Female,99.44.9.67
914,Lorene,Banville,lbanvillepd@npr.org,Female,67.79.114.60
915,Rik,Ebbitt,rebbittpe@columbia.edu,Male,152.46.211.197
916,Cleon,Mackerness,cmackernesspf@sitemeter.com,Male,12.135.77.252
917,Jaquith,Innett,jinnettpg@fc2.com,Female,187.63.17.113
918,Caterina,Antunes,cantunesph@desdev.cn,Female,220.205.184.31
919,Falito,Benardette,fbenardettepi@newyorker.com,Male,63.181.230.47
920,Maighdiln,Hellyar,mhellyarpj@mashable.com,Female,251.218.105.230
921,Pall,Vinecombe,pvinecombepk@nature.com,Male,110.180.167.21
922,Jeremias,Sabban,jsabbanpl@shareasale.com,Male,171.13.85.123
923,Letitia,Mannix,lmannixpm@bloomberg.com,Female,240.236.249.213
924,Doretta,Kennerley,dkennerleypn@meetup.com,Female,137.39.139.211
925,Giacinta,Niset,gnisetpo@tripod.com,Female,157.218.253.230
926,Igor,Nanninini,inannininipp@tmall.com,Male,8.213.113.4
927,Desmond,Asee,daseepq@issuu.com,Male,217.102.113.62
928,Paco,Sowersby,psowersbypr@army.mil,Male,205.225.152.11
929,Benedick,Madgwick,bmadgwickps@taobao.com,Male,68.129.142.79
930,Phebe,Ianniello,pianniellopt@house.gov,Female,231.26.237.94
931,Vonni,Headington,vheadingtonpu@tamu.edu,Female,111.200.119.248
932,Elizabet,Craddy,ecraddypv@ibm.com,Female,157.185.14.54
933,Estrella,Sealy,esealypw@dyndns.org,Non-binary,90.194.166.30
934,Marj,Skentelbery,mskentelberypx@timesonline.co.uk,Female,94.118.166.200
935,Gran,Ommanney,gommanneypy@unc.edu,Male,202.134.222.9
936,Tammie,Beese,tbeesepz@deviantart.com,Male,228.84.39.251
937,Inez,MacArthur,imacarthurq0@reverbnation.com,Female,159.75.32.251
938,Humbert,Reinisch,hreinischq1@va.gov,Male,34.218.64.9
939,Lothaire,Steven,lstevenq2@state.tx.us,Male,209.129.99.197
940,Grantham,Sewall,gsewallq3@cyberchimps.com,Genderqueer,130.127.134.120
941,Rachele,Chitham,rchithamq4@cdc.gov,Female,143.64.232.190
942,Maurene,Ruppert,mruppertq5@rakuten.co.jp,Female,17.59.156.150
943,Matthus,Ballefant,mballefantq6@theguardian.com,Non-binary,12.170.20.86
944,Vinson,Kiwitz,vkiwitzq7@tmall.com,Genderfluid,48.108.120.218
945,Anni,Dannatt,adannattq8@digg.com,Female,99.28.147.249
946,Devan,Meran,dmeranq9@topsy.com,Non-binary,96.38.195.164
947,Vaclav,Hrycek,vhrycekqa@sun.com,Male,20.192.201.105
948,Tull,Alltimes,talltimesqb@themeforest.net,Male,9.209.196.33
949,Lorilee,Rheam,lrheamqc@dailymail.co.uk,Female,125.169.85.239
950,Dew,Tollerfield,dtollerfieldqd@eepurl.com,Male,212.243.25.27
951,Rebecka,Dundridge,rdundridgeqe@comcast.net,Genderqueer,18.149.153.39
952,Thedric,Rubens,trubensqf@bing.com,Male,144.226.112.82
953,Carree,Lilloe,clilloeqg@php.net,Female,16.107.141.99
954,Nadya,Screaton,nscreatonqh@fastcompany.com,Female,204.31.86.129
955,Berke,O'Luney,boluneyqi@virginia.edu,Polygender,225.62.172.168
956,Osgood,Nattriss,onattrissqj@prweb.com,Male,233.107.119.231
957,Selle,Kwietak,skwietakqk@taobao.com,Female,130.109.83.127
958,Cully,Schiefersten,cschieferstenql@amazon.co.jp,Male,43.110.27.128
959,Barr,Squibb,bsquibbqm@cdbaby.com,Genderqueer,50.255.61.13
960,Nickie,Rudd,nruddqn@artisteer.com,Female,170.237.57.25
961,Malory,Stedman,mstedmanqo@instagram.com,Female,118.183.6.203
962,Keen,Cornejo,kcornejoqp@gravatar.com,Male,35.150.126.150
963,Sheree,Leele,sleeleqq@techcrunch.com,Female,15.91.39.67
964,Silvana,Alltimes,salltimesqr@comsenz.com,Female,44.146.254.69
965,Kippie,MacIver,kmaciverqs@digg.com,Male,97.35.47.21
966,Terrence,Hampson,thampsonqt@noaa.gov,Male,51.190.209.67
967,Gerome,Barrows,gbarrowsqu@loc.gov,Male,114.124.60.206
968,Lisetta,Inchbald,linchbaldqv@dion.ne.jp,Female,199.253.61.24
969,Courtney,Fresson,cfressonqw@squarespace.com,Male,87.176.246.252
970,Polly,Genthner,pgenthnerqx@alexa.com,Female,206.246.114.179
971,Gerhardt,Clemmitt,gclemmittqy@1und1.de,Male,224.224.203.8
972,Dacey,McKilroe,dmckilroeqz@tripadvisor.com,Bigender,105.242.83.52
973,Charlie,Fryer,cfryerr0@time.com,Male,227.39.166.53
974,Lura,Woodfield,lwoodfieldr1@last.fm,Female,153.31.169.67
975,Mureil,Lansley,mlansleyr2@comcast.net,Female,178.131.73.44
976,Magnum,Scotcher,mscotcherr3@miibeian.gov.cn,Male,13.92.21.101
977,Llywellyn,MacEnelly,lmacenellyr4@stanford.edu,Male,208.131.152.208
978,Amerigo,Falvey,afalveyr5@wordpress.com,Male,34.54.181.214
979,Randolf,Luney,rluneyr6@slate.com,Male,83.179.107.255
980,Lauritz,Posner,lposnerr7@cocolog-nifty.com,Male,199.191.213.184
981,Amory,Gailor,agailorr8@ow.ly,Male,74.198.52.117
982,Maren,Cheke,mcheker9@cnn.com,Female,250.248.211.21
983,Kassandra,Mazzei,kmazzeira@behance.net,Female,142.157.20.182
984,Nessie,Rickhuss,nrickhussrb@instagram.com,Female,192.45.234.102
985,Johann,Spong,jspongrc@privacy.gov.au,Male,11.141.89.17
986,Teriann,Fones,tfonesrd@cdbaby.com,Female,93.87.88.6
987,Shea,Neno,snenore@quantcast.com,Genderfluid,119.29.229.156
988,Gabie,Toffolini,gtoffolinirf@hibu.com,Polygender,25.122.129.17
989,Bone,Carrett,bcarrettrg@barnesandnoble.com,Male,131.69.29.4
990,Vittoria,Dicey,vdiceyrh@symantec.com,Female,46.203.59.142
991,Bertha,Sheryne,bsheryneri@oaic.gov.au,Female,64.74.252.164
992,Noella,Yukhnevich,nyukhnevichrj@webeden.co.uk,Genderqueer,140.188.138.130
993,Jud,Walkingshaw,jwalkingshawrk@netlog.com,Male,121.223.204.118
994,Aaron,Efford,aeffordrl@angelfire.com,Male,66.103.28.199
995,Courtnay,Hearne,chearnerm@live.com,Male,207.240.51.207
996,Gregg,Beeke,gbeekern@examiner.com,Male,104.122.199.48
997,Ronalda,Wildt,rwildtro@bing.com,Genderfluid,46.41.192.117
998,Latia,Ifill,lifillrp@goo.gl,Female,164.149.36.90
999,Goddart,Shropsheir,gshropsheirrq@columbia.edu,Male,238.173.46.98
1000,Sunny,Foister,sfoisterrr@ucoz.com,Male,28.107.8.123
